{"attribution":"<a href='http://mapbox.com/about/maps' target='_blank'>Terms & Feedback</a>","bounds":[-180,-85.0511,180,85.0511],"center":[0,0,3],"description":"","geocoder":"http://a.tiles.mapbox.com/v3/examples.map-z2effxa8/geocode/{query}.jsonp","id":"examples.map-z2effxa8","maxzoom":19,"minzoom":0,"name":"MapBox iOS Example","private":true,"scheme":"xyz","tilejson":"2.0.0","tiles":["http://a.tiles.mapbox.com/v3/examples.map-z2effxa8/{z}/{x}/{y}.png","http://b.tiles.mapbox.com/v3/examples.map-z2effxa8/{z}/{x}/{y}.png","http://c.tiles.mapbox.com/v3/examples.map-z2effxa8/{z}/{x}/{y}.png","http://d.tiles.mapbox.com/v3/examples.map-z2effxa8/{z}/{x}/{y}.png"],"webpage":"http://tiles.mapbox.com/examples/map/map-z2effxa8"}